{
  "display": {
    "background": "minecraft:textures/blocks/stone.png",
    "icon": {
      "item": "astrotweaks:science"
    },
    "title": {
      "translate": "advancements.ages_adv.title"
    },
    "description": {
      "translate": "advancements.ages_adv.descr"
    },
    "frame": "task",
    "show_toast": true,
    "announce_to_chat": false,
    "hidden": false
  },
  "criteria": {
    "ages_adv": {
      "trigger": "minecraft:impossible"
    }
  },
  "rewards": {
    "experience": 0
  }
}